id,link,name
1,https://www.youtube.com/watch?v=N7-XLjJ-fjM,R Federer
2,https://www.youtube.com/watch?v=AZU8LBMfb3Y,R Federer
3,https://www.youtube.com/watch?v=8lhPIAu1EDQ,R Nadal
4,https://www.youtube.com/watch?v=4GZRFgMqhvw,R Federer
5,https://www.youtube.com/watch?v=hB4-qQWmdzk,S Wawrinka
6,https://www.youtube.com/watch?v=0WAUl0ezhv8,R Nadal
7,https://www.youtube.com/watch?v=oFxvnj7LhtA,G Dimitrov
8,https://www.youtube.com/watch?v=EdGIy6QujT8,M Zverev
9,https://www.youtube.com/watch?v=QVTnLpPjyCw,A Murray
10,https://www.youtube.com/watch?v=_anEjkyIpDk,A Murray
11,https://www.youtube.com/watch?v=4OMCpFkm0F0,M Zverev
12,https://www.youtube.com/watch?v=uHroSeaJ7MM,A Murray
13,https://www.youtube.com/watch?v=29oK37Evfs8,R Federer
14,https://www.youtube.com/watch?v=-BmWa_1KSl8,K Nishikori
15,https://www.youtube.com/watch?v=ocmzfr4NHcw,R Federer
16,https://www.youtube.com/watch?v=-lLYMku_3go,K Nishikori
17,https://www.youtube.com/watch?v=T-rSG6JW73I,K Nishikori
18,https://www.youtube.com/watch?v=FsCEZlIPgj8,S Wawrinka
19,https://www.youtube.com/watch?v=Jfo3tZ8vqVY,S Wawrinka
20,https://www.youtube.com/watch?v=3p1XH6HPk8I,S Wawrinka
21,https://www.youtube.com/watch?v=8-idHcrsc_8,A Seppi
22,https://www.youtube.com/watch?v=IzhFIgafWaA,S Wawrinka
23,https://www.youtube.com/watch?v=ZofNWvHfFxU,J-W Tsonga
24,https://www.youtube.com/watch?v=eSgicHPtNNI,J-W Tsonga
25,https://www.youtube.com/watch?v=qCIS_MMpjJs,D Evans
26,https://www.youtube.com/watch?v=JT-WhOYs_sM,J-W Tsonga
27,https://www.youtube.com/watch?v=WBjNNZoLYKo,B Tomic
28,https://www.youtube.com/watch?v=ADlo3UEJMP4,J-W Tsonga
29,https://www.youtube.com/watch?v=oZERBEJd0dQ,B Tomic
30,https://www.youtube.com/watch?v=eEvPIlP4JjE,R Nadal
31,https://www.youtube.com/watch?v=xZWBxF4Tl0c,R Nadal
32,https://www.youtube.com/watch?v=3pBxbg_Ksw4,R Nadal
33,https://www.youtube.com/watch?v=RDLJuNxrmEY,R Nadal
34,https://www.youtube.com/watch?v=1NeWxDgSgd4,M Raonic
35,https://www.youtube.com/watch?v=txBnaOWiZac,M Raonic
36,https://www.youtube.com/watch?v=iuNobZ7VF1U,M Raonic
37,https://www.youtube.com/watch?v=3ocdO7ChkrY,M Raonic
38,https://www.youtube.com/watch?v=i-yzhH35b7I,D Goffin
39,https://www.youtube.com/watch?v=nXgw4jgQLX8,D Thiem
40,https://www.youtube.com/watch?v=ohoH-JHWQUc,D Goffin
41,https://www.youtube.com/watch?v=jN-Pkc_ONb4,D Thiem
42,https://www.youtube.com/watch?v=MxSPjfxbIak,G Dimitrov
43,https://www.youtube.com/watch?v=jZb5aaWJM-g,G Dimitrov
44,https://www.youtube.com/watch?v=GjTpufIDjJE,D Istomin
45,https://www.youtube.com/watch?v=3aoDHWc11zE,G Dimitrov
46,https://www.youtube.com/watch?v=zYMAGMG5Orc,R Nadal
47,https://www.youtube.com/watch?v=Me_U6QL0J_8,S Wawrinka
48,https://www.youtube.com/watch?v=nVT8_DXU5KI,G Dimitrov
49,https://www.youtube.com/watch?v=EdGIy6QujT8,M Zverev
50,https://www.youtube.com/watch?v=FdpxBVWRGGw,J-WTsonga
51,https://www.youtube.com/watch?v=qu9qPJpk0H4,M Raonic
52,https://www.youtube.com/watch?v=bVxFd7yUK2Q,D Goffin
53,https://www.youtube.com/watch?v=ph69U-YoJNo,A Murray
54,https://www.youtube.com/watch?v=LFuqQ0JVfsk,N Kyrgios
55,https://www.youtube.com/watch?v=uFVhYxNcwSk,B Tomic
56,https://www.youtube.com/watch?v=8YXJGZjxGlw,A Zverev
57,https://www.youtube.com/watch?v=5OexgTMGY0A,S Williams
58,https://www.youtube.com/watch?v=BlQClgkhsl4,V Williams
59,https://www.youtube.com/watch?v=4ATPOPjzoO8,S Williams
60,https://www.youtube.com/watch?v=WIGl9Ci4zWU,V Williams
61,https://www.youtube.com/watch?v=4x-jJHB7d4o,M Lučić-Baroni
62,https://www.youtube.com/watch?v=Iztm2D_YUsQ,S Williams
63,https://www.youtube.com/watch?v=8J3-LlV1sfc,C Vandeweghe
64,https://www.youtube.com/watch?v=lJoWIqroCEI,A Kerber
65,https://www.youtube.com/watch?v=mS4c03e2Vho,C Vandeweghe
66,https://www.youtube.com/watch?v=BieYAnuXIZo,A Kerber
67,https://www.youtube.com/watch?v=VHSVLHEK_SU,E Bouchard
68,https://www.youtube.com/watch?v=iZQrnBx2Xww,A Kerber
69,https://www.youtube.com/watch?v=uG2MyvnSqJ4,G Muguruza
70,https://www.youtube.com/watch?v=vk18dn3nNP8,G Muguruza
71,https://www.youtube.com/watch?v=jOvhx4p5cl0,G Muguruza
72,https://www.youtube.com/watch?v=a9QTSrkvU2Y,G Muguruza
73,https://www.youtube.com/watch?v=849bVQkMHq8,V Williams
74,https://www.youtube.com/watch?v=dHBHCM7rJDM,M Barthel
75,https://www.youtube.com/watch?v=GPAaaY9Gfps,V Williams
76,https://www.youtube.com/watch?v=0dRS-v7Z8kI,V Williams
77,https://www.youtube.com/watch?v=jyMRnsmqOSg,A Pavlyuchenkova
78,https://www.youtube.com/watch?v=kbCI0A2BaaY,A Pavlyuchenkova
79,https://www.youtube.com/watch?v=1KnSKuukTtY,S Kuznetsova
80,https://www.youtube.com/watch?v=L5duYRdnX6o,A Pavlyuchenkova
81,https://www.youtube.com/watch?v=c_XAe_fQTFk,J Janković
82,https://www.youtube.com/watch?v=9f6jt850nHc,Ka Plíšková
83,https://www.youtube.com/watch?v=-e7Dt4JtNSg,Ka Plíšková
84,https://www.youtube.com/watch?v=TuyR7ejTyKA,Ka Plíšková
85,https://www.youtube.com/watch?v=-vQw9_LPbBs,D Gavrilova
86,https://www.youtube.com/watch?v=enCGXu5mptM,Ka Plíšková
87,https://www.youtube.com/watch?v=cK5suSOcAFs,M Lučić-Baroni
88,https://www.youtube.com/watch?v=m2BwTDxtJWg,J Brady
89,https://www.youtube.com/watch?v=hrhfXOd_eiY,M Lučić-Baroni
90,https://www.youtube.com/watch?v=AyyezEmwIrk,M Lučić-Baroni
91,https://www.youtube.com/watch?v=6KB33btLoDg,J Konta
92,https://www.youtube.com/watch?v=EYHzyCUlszw,E Makarova
93,https://www.youtube.com/watch?v=D8VuQfPhwx4,J Konta
94,https://www.youtube.com/watch?v=QheXou9RsMg,C Wozniacki
95,https://www.youtube.com/watch?v=3x7INuHuoEc,J Konta
96,https://www.youtube.com/watch?v=8RLbW4Pj34E,J Konta
97,https://www.youtube.com/watch?v=wuWNpf93Ivo,S Williams
98,https://www.youtube.com/watch?v=65Q6QpOVw7w,B Strýcová
99,https://www.youtube.com/watch?v=S7anixVw7vA,S Williams
100,https://www.youtube.com/watch?v=_p1CLB1C7Kw,S Williams
101,https://www.youtube.com/watch?v=9WFZ6zoHZfY,S Williams
102,https://www.youtube.com/watch?v=xLjznnu3ud0,V Williams
103,https://www.youtube.com/watch?v=DLHCVTpz8Z8,C Vandeweghe
104,https://www.youtube.com/watch?v=yndaWYOAecU,M Lučić-Baroni
105,https://www.youtube.com/watch?v=NkuQB36ffLI,G Muguruza
106,https://www.youtube.com/watch?v=dlrl8mEM0Wo,A Pavlyuchenkova
107,https://www.youtube.com/watch?v=ZstpXB_5NhQ,Ka Plíšková
108,https://www.youtube.com/watch?v=usOa6QUHwZk,J Konta
109,https://www.youtube.com/watch?v=CKcBLjvHVOk,E Bouchard
110,https://www.youtube.com/watch?v=CQNsR2dcdlY,S Kuznetsova
111,https://www.youtube.com/watch?v=yonDXe-Rx40,D Gavrilova
112,https://www.youtube.com/watch?v=VlUcV5LY_Pk,D Cibulková
113,https://www.youtube.com/watch?v=l0VNEl2qw2M,R Federer
114,https://www.youtube.com/watch?v=cekCJRwlIno,M Čilić
115,https://www.youtube.com/watch?v=g1S63Kb9524,R Federer
116,https://www.youtube.com/watch?v=AHsd9Qjm9ds,M Čilić
117,https://www.youtube.com/watch?v=X8JK4ESiNUA,K Edmund
118,https://www.youtube.com/watch?v=1q4xaHgT3o4,C Hyeon
119,https://www.youtube.com/watch?v=QAKbP80n3js,R Federer
120,https://www.youtube.com/watch?v=rCK2cKKTsCw,R Nadal
121,https://www.youtube.com/watch?v=dMB9sQP_nIE,R Nadal
122,https://www.youtube.com/watch?v=dLPNSKed9Uk,R Nadal
123,https://www.youtube.com/watch?v=7ya5aLpYKQA,A Dolgopolov
124,https://www.youtube.com/watch?v=dQh3ZJOm3O4,R Nadal
125,https://www.youtube.com/watch?v=rv1lHDjmdo8,M Ebden
126,https://www.youtube.com/watch?v=HJjrIIO-P-M,M Čilić
127,https://www.youtube.com/watch?v=C-3h3x50_Rs,P Carreño Busta
128,https://www.youtube.com/watch?v=fGOX08dBKIY,M Čilić
129,https://www.youtube.com/watch?v=w8bCbdEcZ38,M Čilić
130,https://www.youtube.com/watch?v=WKxprfq82MY,M Čilić
131,https://www.youtube.com/watch?v=2ZPKof5Zq0k,G Dimitrov
132,https://www.youtube.com/watch?v=XaYaxOQnXVU,G Dimitrov
133,https://www.youtube.com/watch?v=eBk6qweQov4,N Kyrgios
134,https://www.youtube.com/watch?v=QDdG87A-HsQ,G Dimitrov
135,https://www.youtube.com/watch?v=8Z1e07odilE,N Kyrgios
136,https://www.youtube.com/watch?v=VdGJ6hLswQk,J-W Tsonga
137,https://www.youtube.com/watch?v=BjlvGic6h5U,G Dimitrov
138,https://www.youtube.com/watch?v=c0nMRlZ4t3Q,N Kyrgios
139,https://www.youtube.com/watch?v=YJ_ERoSESNc,J-W Tsonga
140,https://www.youtube.com/watch?v=zMVd2jcad4o,K Edmund
141,https://www.youtube.com/watch?v=fcfc68OyCXI,K Edmund
142,https://www.youtube.com/watch?v=kQadm1-YjL0,A Seppi
143,https://www.youtube.com/watch?v=gom6e--0rhg,K Edmund
144,https://www.youtube.com/watch?v=3me3IpboaBY,T Sandgren
145,https://www.youtube.com/watch?v=gFS4kdXdDdU,D Thiem
146,https://www.youtube.com/watch?v=cLkpUtO37Zs,T Sandgren
147,https://www.youtube.com/watch?v=Kk0uc5JNzjM,S Wawrinka
148,https://www.youtube.com/watch?v=sBkEF-YDNEs,H Chung
149,https://www.youtube.com/watch?v=RDhI19Y2atM,N Djokovic
150,https://www.youtube.com/watch?v=eeZnLJF54w8,H Chung
151,https://www.youtube.com/watch?v=l_yaMmCZ-rs,N Djokovic
152,https://www.youtube.com/watch?v=_vYP6H-l1VE&t=41s,N Djokovic
153,https://www.youtube.com/watch?v=vpzkZjbd8d8,A Zverev
154,https://www.youtube.com/watch?v=sbh_6W5lNPU,T Berdych
155,https://www.youtube.com/watch?v=57B60yct8Co,F Fognini
156,https://www.youtube.com/watch?v=O58T20i5uCs,T Berdych
157,https://www.youtube.com/watch?v=xdG9rQtoDwU,R Federer
158,https://www.youtube.com/watch?v=1EICHw-e7x4,R Federer
159,https://www.youtube.com/watch?v=xpKQEV6Oj30,R Federer
160,https://www.youtube.com/watch?v=LaNjwfxtmTs,R Federer
161,https://www.youtube.com/watch?v=Zteh_AJxTk0,M Čilić
162,https://www.youtube.com/watch?v=UEYd6QEQKk4,K Edmund
163,https://www.youtube.com/watch?v=4cDNicY1c4g,C Hyeon
164,https://www.youtube.com/watch?v=O5z4y8JMHtM,R Nadal
165,https://www.youtube.com/watch?v=FjQUC6qj3BY,G Dimitrov
166,https://www.youtube.com/watch?v=rEkvzitJBbY,T Sandgren
167,https://www.youtube.com/watch?v=dPbQO8n_dlU,T Berdych
168,https://www.youtube.com/watch?v=bvZ1meJSI08,D Schwartzman
169,https://www.youtube.com/watch?v=Cs9R7PwQ80c,N Kyrgios
170,https://www.youtube.com/watch?v=kF21qsmwuOo,M McDonald
171,https://www.youtube.com/watch?v=oT0Guht0ayc,D Shapovalov
172,https://www.youtube.com/watch?v=Cd4ZDNA_EeM,N Djokovic
173,https://www.youtube.com/watch?v=h8j3p51V99k,C Wozniacki
174,https://www.youtube.com/watch?v=8NZHA_oiDd8,S Halep
175,https://www.youtube.com/watch?v=auzMFiGv4pk,C Wozniacki
176,https://www.youtube.com/watch?v=WvWSp4XlUNc,S Halep
177,https://www.youtube.com/watch?v=9IfPN1hT7KI,A Kerber
178,https://www.youtube.com/watch?v=pHPzZL5L1_o,E Mertens
179,https://www.youtube.com/watch?v=62IVaWifMZ4,C Wozniacki
180,https://www.youtube.com/watch?v=3_8e1qxo2OE,S Halep
181,https://www.youtube.com/watch?v=BWZMattinLw,S Halep
182,https://www.youtube.com/watch?v=aK7dd0lz9Gg,N Osaka
183,https://www.youtube.com/watch?v=K9kXRStBLlI,S Halep
184,https://www.youtube.com/watch?v=sRE_uLTGlDs,A Barty
185,https://www.youtube.com/watch?v=qmFO492FUA8,N Osaka
186,https://www.youtube.com/watch?v=KSS8Of1h_ng,S Halep
187,https://www.youtube.com/watch?v=-tBVvwHIi0g,A Barty
188,https://www.youtube.com/watch?v=MRk3lkNYOsI,Ka Plíšková
189,https://www.youtube.com/watch?v=-oLVHVLtOtA,Ka Plíšková
190,https://www.youtube.com/watch?v=-t3BfWQjpB0,Ka Plíšková
191,https://www.youtube.com/watch?v=Ft3mM42Q9K8,J Konta
192,https://www.youtube.com/watch?v=BIyrP2XEU1I,Ka Plíšková
193,https://www.youtube.com/watch?v=HuESMz-kkaE,A Kerber
194,https://www.youtube.com/watch?v=lxY-lDz99Pw,S-w Hsieh
195,https://www.youtube.com/watch?v=AKesP_mgUUQ,A Kerber
196,https://www.youtube.com/watch?v=Y_YU2bisFtY,S-w Hsieh
197,https://www.youtube.com/watch?v=8pMjEEs9rYk,A Kerber
198,https://www.youtube.com/watch?v=vHjs6Crfff8,M Sharapova
199,https://www.youtube.com/watch?v=HGBSJZtG7tc,A Kerber
200,https://www.youtube.com/watch?v=d18Jm5v5Wxc,M Keys
201,https://www.youtube.com/watch?v=rrt7cFT67GY,M Keys
202,https://www.youtube.com/watch?v=SzVBVQctApQ,C Garcia
203,https://www.youtube.com/watch?v=ViJYgFNPAl8,M Keys
204,https://www.youtube.com/watch?v=d3BcUj_IaaE,C Garcia
205,https://www.youtube.com/watch?v=wFa_TNy3lRE,M Keys
206,https://www.youtube.com/watch?v=OuTrUjF2PN4,C Garcia
207,https://www.youtube.com/watch?v=moZJBpHOM5c,E Mertens
208,https://www.youtube.com/watch?v=udgMdZ-7byw,P Martić
209,https://www.youtube.com/watch?v=FvIuPoHiDs0,L Kumkhum
210,https://www.youtube.com/watch?v=JhvsnwD0yjw,E Mertens
211,https://www.youtube.com/watch?v=ZgnYz44Sbbc,A Cornet
212,https://www.youtube.com/watch?v=CjVl50LbUa4,B Bencic
213,https://www.youtube.com/watch?v=E4v23ZTDJIk,I-C Begu
214,https://www.youtube.com/watch?v=zaYInRf0P64,E Svitolina
215,https://www.youtube.com/watch?v=nyf9dFzPMVE,D Allertová
216,https://www.youtube.com/watch?v=hn3_RNAzFOQ,E Svitolina
217,https://www.youtube.com/watch?v=b-8I74b_TOk,M Kostyuk
218,https://www.youtube.com/watch?v=zMjPBYq2MRM,E Svitolina
219,https://www.youtube.com/watch?v=LCzHqBQ5PaE,S Zhang
220,https://www.youtube.com/watch?v=ULfH7oJxz4o,C Suárez Navarro
221,https://www.youtube.com/watch?v=NnPIbl03YJU,A Kontaveit
222,https://www.youtube.com/watch?v=HVNLTgr94RU,J Ostapenko
223,https://www.youtube.com/watch?v=DFBoznz0bzk,J Ostapenko
224,https://www.youtube.com/watch?v=TBz9oIxqFwE,T Babos
225,https://www.youtube.com/watch?v=BwUy1wC38vk,C Wozniacki
226,https://www.youtube.com/watch?v=dxqU2lyr2bU,M Rybáriková
227,https://www.youtube.com/watch?v=vLxQuqbCaSk,C Wozniacki
228,https://www.youtube.com/watch?v=MOE_4COgOb8,K Bondarenko
229,https://www.youtube.com/watch?v=BwUy1wC38vk,C Wozniacki
230,https://www.youtube.com/watch?v=sSO4zwaiHz0,C Wozniacki
231,https://www.youtube.com/watch?v=-SwdYs-91FQ,S Halep
232,https://www.youtube.com/watch?v=tu1KUH8qPis,A Kerber
233,https://www.youtube.com/watch?v=dIGeEUliTwM,E Mertens
234,https://www.youtube.com/watch?v=kG1ytYrbGgk,Ka Plíšková
235,https://www.youtube.com/watch?v=Mt36JM_dlhA,M Keys
236,https://www.youtube.com/watch?v=lphsC0-QYLM,E Svitolina
237,https://www.youtube.com/watch?v=w1j0SPHWUUI,C Suárez Navarro
238,https://www.youtube.com/watch?v=dNPZBhaYRYw,L Davis
239,https://www.youtube.com/watch?v=-u4B1hPl_zU,A Barty
240,https://www.youtube.com/watch?v=GyqFoXf1V_g,J Konta
241,https://www.youtube.com/watch?v=Bn2fnKe-wy8,S-w Hsieh
242,https://www.youtube.com/watch?v=9pl4HsEJJzg,M Sharapova
243,https://www.youtube.com/watch?v=fPPqLEwdG2A,G Muguruza
244,https://www.youtube.com/watch?v=Bn6PSH-fDKs,D Gavrilova
245,https://www.youtube.com/watch?v=f389aIj_xpk,O Rogowska
246,https://www.youtube.com/watch?v=EsZpo8dRKdc,N Djokovic
247,https://www.youtube.com/watch?v=lWBw5I-LarI,N Djokovic
248,https://www.youtube.com/watch?v=F40VlpxH7_E,R Nadal
249,https://www.youtube.com/watch?v=_vilTf7SZvc,N Djokovic
250,https://www.youtube.com/watch?v=8HDc0DQApxQ,L Pouille
251,https://www.youtube.com/watch?v=YutVhfQ3Ny4,S Tsitsipas
252,https://www.youtube.com/watch?v=6vx3jMnVQTA,R Nadal
253,https://www.youtube.com/watch?v=ee432Pv4mdA,N Djokovic
254,https://www.youtube.com/watch?v=2frFshG_LzQ,N Djokovic
255,https://www.youtube.com/watch?v=WIlHCy1OKnI,D Medvedev
256,https://www.youtube.com/watch?v=Ix70yKcTysw,N Djokovic
257,https://www.youtube.com/watch?v=hmAyAjLReN0,D Shapovalov
258,https://www.youtube.com/watch?v=7Ak6lVZ5PGE,N Djokovic
259,https://www.youtube.com/watch?v=-r1EUa7yv24,J-W Tsonga
260,https://www.youtube.com/watch?v=m0RLhsBDoMI,D Shapovalov
261,https://www.youtube.com/watch?v=YmEfrWNJ3pI,K Nishikori
262,https://www.youtube.com/watch?v=OvBFPmW6cPo,P Carreño Busta
263,https://www.youtube.com/watch?v=T56q-ssItOs,K Nishikori
264,https://www.youtube.com/watch?v=MZJmN5ZJCRs,K Nishikori
265,https://www.youtube.com/watch?v=apLit02x1z4,P Kohlschreiber
266,https://www.youtube.com/watch?v=uKYAA0yteQQ,K Nishikori
267,https://www.youtube.com/watch?v=MNjKfZM_LBc,M Raonic
268,https://www.youtube.com/watch?v=xQgFsxPEbeA,A Zverev
269,https://www.youtube.com/watch?v=rbO1yfx7FVE,M Raonic
270,https://www.youtube.com/watch?v=RVrQ0cpMjfU,A Zverev
271,https://www.youtube.com/watch?v=j_bgu1Xtj-M,P-H Herbert
272,https://www.youtube.com/watch?v=vSFTJ79a7JU,M Raonic
273,https://www.youtube.com/watch?v=2xT_PMh0cyg,A Zverev
274,https://www.youtube.com/watch?v=0pWWTiwCsLs,A Bolt
275,https://www.youtube.com/watch?v=dhLSoTjk03s,S Wawrinka
276,https://www.youtube.com/watch?v=MviaV9S629A,M Raonic
277,https://www.youtube.com/watch?v=8XqRjy0WBrI,L Pouille
278,https://www.youtube.com/watch?v=ZZCD5GqoUL8,B Ćorić
279,https://www.youtube.com/watch?v=1QV6rf7qles,L Pouille
280,https://www.youtube.com/watch?v=GfmJGpy6WPs,A Popyrin
281,https://www.youtube.com/watch?v=XEUFiNkYnL8,B Ćorić
282,https://www.youtube.com/watch?v=kxQp-Kd7C0U,L Pouille
283,https://www.youtube.com/watch?v=4IMl9tUtSwc,D Thiem
284,https://www.youtube.com/watch?v=YQOcFWXdweA,R Bautista Agut
285,https://www.youtube.com/watch?v=EcWo3uFRqlk,M Čilić
286,https://www.youtube.com/watch?v=_Q7YhmuY4V8,M Čilić
287,https://www.youtube.com/watch?v=2LKOxGvKBw4,M Čilić
288,https://www.youtube.com/watch?v=5XXJCuPr5Gs,R Bautista Agut
289,https://www.youtube.com/watch?v=NmhX9h_ttpQ,S Tsitsipas
290,https://www.youtube.com/watch?v=C54AP9Jzsiw,S Tsitsipas
291,https://www.youtube.com/watch?v=6z1tjbU4fjw,R Federer
292,https://www.youtube.com/watch?v=F8g8ab71KrM,T Fritz
293,https://www.youtube.com/watch?v=rRXnxxOmbVE,R Federer
294,https://www.youtube.com/watch?v=-vBgnJjgZzs,S Tsitsipas
295,https://www.youtube.com/watch?v=MK8y4hmumvI,V Troicki
296,https://www.youtube.com/watch?v=BgRa7qYo5uc,D Evans
297,https://www.youtube.com/watch?v=0X6vwBJFlzA,R Federer
298,https://www.youtube.com/watch?v=ULPhYXg6BCI,F Tiafoe
299,https://www.youtube.com/watch?v=jYcc4xyOOrs,G Dimitrov
300,https://www.youtube.com/watch?v=VMDFQ902z_M,F Tiafoe
301,https://www.youtube.com/watch?v=ThK31sDDVgw,G Dimitrov
302,https://www.youtube.com/watch?v=1ZTfLeIG7aI,R Nadal
303,https://www.youtube.com/watch?v=5Cei8YKEQ5s,T Berdych
304,https://www.youtube.com/watch?v=TeWqBBA-7qg,R Nadal
305,https://www.youtube.com/watch?v=T01eHiOAzUU,A de Minaur
306,https://www.youtube.com/watch?v=ooqjilWrk5w,R Nadal
307,https://www.youtube.com/watch?v=XeATcbZTcm4,T Berdych
308,https://www.youtube.com/watch?v=YbosGoV0t0k,A de Minaur
309,https://www.youtube.com/watch?v=LMIQ9cJH93E,H Laaksonen
310,https://www.youtube.com/watch?v=og4nDYT-ni4,R Nadal
311,https://www.youtube.com/watch?v=3s4-VO1Xq7g,R Nadal
312,https://www.youtube.com/watch?v=cu64W7X8WWw,L Pouille
313,https://www.youtube.com/watch?v=3eKczOvTixw,S Tsitsipas
314,https://www.youtube.com/watch?v=GEBoMg8a6gI,K Nishikori
315,https://www.youtube.com/watch?v=3G0ssjXECsU,M Raonic
316,https://www.youtube.com/watch?v=lMxh-nEh4JY,F Tiafoe
317,https://www.youtube.com/watch?v=xzQclnqsosk,A Zverev
318,https://www.youtube.com/watch?v=z5hSiv-vS8E,A Bolt
319,https://www.youtube.com/watch?v=YIPUSfhbFds&t=8s,S Wawrinka
320,https://www.youtube.com/watch?v=vD99CEh00RU,A Popyrin
321,https://www.youtube.com/watch?v=2WLC958y2ps,S Darcis
322,https://www.youtube.com/watch?v=6h45ZhyAgJU&t=5s,M Čilić
323,https://www.youtube.com/watch?v=BYZBE7nDHis,R Federer
324,https://www.youtube.com/watch?v=XdWHNn_Lll0,D Evans
325,https://www.youtube.com/watch?v=u8zEZNAr3GA,G Dimitrov
326,https://www.youtube.com/watch?v=TPxkcBsf6Po,J Thompson
327,https://www.youtube.com/watch?v=pI-udzFcgUU,T Berdych
328,https://www.youtube.com/watch?v=PfHewNQRN7U,A de Minaur
329,https://www.youtube.com/watch?v=XP_R7R1I-9s,M Ebden
330,https://www.youtube.com/watch?v=Vu3CPxn-rqI,N Osaka
331,https://www.youtube.com/watch?v=-iC7ZwtepDE,N Osaka
332,https://www.youtube.com/watch?v=LTMtD1bBxi0,P Kvitová
333,https://www.youtube.com/watch?v=B2Kc0HwcvSI,Ka Plíšková
334,https://www.youtube.com/watch?v=cii-Adt1ock,N Osaka
335,https://www.youtube.com/watch?v=WydlGs3xGT8,P Kvitová
336,https://www.youtube.com/watch?v=Bf1DscPMIDQ,D Collins
337,https://www.youtube.com/watch?v=y7RDLHElbxs,S Williams
338,https://www.youtube.com/watch?v=zucvxEeKGvw,S Halep
339,https://www.youtube.com/watch?v=a5gbVkET92s,S Williams
340,https://www.youtube.com/watch?v=DGarTruCQTM,S Halep
341,https://www.youtube.com/watch?v=Os4nce3cXRE,V Williams
342,https://www.youtube.com/watch?v=giBEI9987e0,S Williams
343,https://www.youtube.com/watch?v=tVezhbgT6N0,S Halep
344,https://www.youtube.com/watch?v=nWQZhSVJFXg,V Williams
345,https://www.youtube.com/watch?v=yHt_XtfQ6u4,D Yastremska
346,https://www.youtube.com/watch?v=_e4gVG5hcGg,E Bouchard
347,https://www.youtube.com/watch?v=mJu6AWIzQnk,S Williams
348,https://www.youtube.com/watch?v=dZyZtbEaMmQ,Ka Plíšková
349,https://www.youtube.com/watch?v=g6t0n3x9QpA&t=1s,G Muguruza
350,https://www.youtube.com/watch?v=42g_zqr3j7I,Ka Plíšková
351,https://www.youtube.com/watch?v=6oiQVKdj29w,G Muguruza
352,https://www.youtube.com/watch?v=Hu4UM4CTXtw,Ka Plíšková
353,https://www.youtube.com/watch?v=8fmAfTGFjjw,T Bacsinszky
354,https://www.youtube.com/watch?v=9xL5UArRx28,J Konta
355,https://www.youtube.com/watch?v=1VMQ5NRz-x0&t=1s,G Muguruza
356,https://www.youtube.com/watch?v=BBr1PobLwBs,Ka Plíšková
357,https://www.youtube.com/watch?v=hQYDJxdIJXY,N Osaka
358,https://www.youtube.com/watch?v=cYnkybbTaJc,N Osaka
359,https://www.youtube.com/watch?v=M65SB87vr8I,N Osaka
360,https://www.youtube.com/watch?v=pyZvWOoegIM,N Osaka
361,https://www.youtube.com/watch?v=tbuyaOi8TSQ,T Zidanšek
362,https://www.youtube.com/watch?v=jzsQRb7faxo,L Siegemund
363,https://www.youtube.com/watch?v=bjPl64ClfpI,E Svitolina
364,https://www.youtube.com/watch?v=uqlQAf0H6Ps,M Keys
365,https://www.youtube.com/watch?v=3zEEOyo6e7c,E Svitolina
366,https://www.youtube.com/watch?v=e4yFCn4CPDI,E Mertens
367,https://www.youtube.com/watch?v=C3xbbRvlnpI,E Svitolina
368,https://www.youtube.com/watch?v=d8WviHauHQY,M Keys
369,https://www.youtube.com/watch?v=S9nUB6i1VL8,P Kvitová
370,https://www.youtube.com/watch?v=7acSD7EyGpc,P Kvitová
371,https://www.youtube.com/watch?v=CraX18qI74c,A Anisimova
372,https://www.youtube.com/watch?v=SYTCebaHl6k,P Kvitová
373,https://www.youtube.com/watch?v=J_0N5P_emIw,A Sabalenka
374,https://www.youtube.com/watch?v=CcalYCncbPM,P Kvitová
375,https://www.youtube.com/watch?v=DFlSFtahobA,K Boulter
376,https://www.youtube.com/watch?v=07Dv_-CrEbQ,A Barty
377,https://www.youtube.com/watch?v=ZGcKNg3ns9A,A Barty
378,https://www.youtube.com/watch?v=T0IyXSKGWFI,M Sharapova
379,https://www.youtube.com/watch?v=8-rvbjviVpA,A Barty
380,https://www.youtube.com/watch?v=WS8RkM_YCjk,M Sharapova
381,https://www.youtube.com/watch?v=MSKZ8Oa7QYg,C Wozniacki
382,https://www.youtube.com/watch?v=Vg_lxrfZgxU,A Barty
383,https://www.youtube.com/watch?v=muaAllrPras,A Sharma
384,https://www.youtube.com/watch?v=uQ3o_spHC7o,M Sakkari
385,https://www.youtube.com/watch?v=qG1KPQwOczk,M Sharapova
386,https://www.youtube.com/watch?v=ySnqW_iIljY,C Wozniacki
387,https://www.youtube.com/watch?v=wLT7cDC6l28,A Pavlyuchenkova
388,https://www.youtube.com/watch?v=szi0wtSZASg,S Stephens
389,https://www.youtube.com/watch?v=p8oQzmEKZnY,S Stephens
390,https://www.youtube.com/watch?v=gJBDV3L5uDA,A Pavlyuchenkova
391,https://www.youtube.com/watch?v=oo6U-p3Zdz8,S Stephens
392,https://www.youtube.com/watch?v=yCMFLZf7JnY,D Collins
393,https://www.youtube.com/watch?v=wqBAh6BdW3w,D Collins
394,https://www.youtube.com/watch?v=ZxYNT0NyCds,A Kerber
395,https://www.youtube.com/watch?v=btiGj_5XVHY,C Garcia
396,https://www.youtube.com/watch?v=o6Dlz-9GnSw,K Birrell
397,https://www.youtube.com/watch?v=R-kYhuvgZFQ,A Kerber
398,https://www.youtube.com/watch?v=R8nuwBFq0BI,S Vickery
399,https://www.youtube.com/watch?v=WaYUO2YTNsk,A Kerber
400,https://www.youtube.com/watch?v=oxEHiswOQBQ,P Kvitová
401,https://www.youtube.com/watch?v=jy0MD4QD5YM,Ka Plíšková
402,https://www.youtube.com/watch?v=20DSalDinxY,D Collins
403,https://www.youtube.com/watch?v=g0__h8LdOJg,S Williams
404,https://www.youtube.com/watch?v=rrkkrLHiSfA,E Svitolina
405,https://www.youtube.com/watch?v=0-aZeNb2Wgg,A Barty
406,https://www.youtube.com/watch?v=5geAt4ZkQj8,A Pavlyuchenkova
407,https://www.youtube.com/watch?v=qu_SrluPX-s,S Halep
408,https://www.youtube.com/watch?v=9dyb8yFLClQ,V Williams
409,https://www.youtube.com/watch?v=jY9T8PUE7xg,D Yastremska
410,https://www.youtube.com/watch?v=uTkkfrQSoe0,E Bouchard
411,https://www.youtube.com/watch?v=RdhFE3-2FPY,G Muguruza
412,https://www.youtube.com/watch?v=3eYdRUKUDFM,A Sevastova
413,https://www.youtube.com/watch?v=qyOQUySXLEo,S-w Hsieh
414,https://www.youtube.com/watch?v=C5NFZ_DonA0,M Keys
415,https://www.youtube.com/watch?v=Ys2bMCR9QHo,A Anisimova
416,https://www.youtube.com/watch?v=UF8982Cq6N4,K Boulter
417,https://www.youtube.com/watch?v=VSGASsO8RB4,M Sharapova
418,https://www.youtube.com/watch?v=mXJaMGUjMJ0,M Sakkari
419,https://www.youtube.com/watch?v=V1GCuU4DfpM,C Wozniacki
420,https://www.youtube.com/watch?v=7oq4Z6ugbFw,A Kerber
421,https://www.youtube.com/watch?v=BQrrsPZxFp4,K Birrell
